Sample	Gender	Pop	Sub.pop	hg19	hg38
HG00171	female	EUR	FIN	Y	Y
HG00183	male	EUR	FIN	Y	Y
HG00188	male	EUR	FIN	Y	Y
HG00234	male	EUR	GBR	Y	Y
HG00239	female	EUR	GBR	Y	Y
HG00133	female	EUR	GBR	Y	Y
HG00138	male	EUR	GBR	Y	Y
HG00107	male	EUR	GBR	Y	Y
HG00114	male	EUR	GBR	Y	Y
HG00119	male	EUR	GBR	Y	Y
HG00246	male	EUR	GBR	Y	Y
HG00258	female	EUR	GBR	Y	Y
HG00140	male	EUR	GBR	Y	Y
HG00145	male	EUR	GBR	Y	Y
HG00099	female	EUR	GBR	Y	Y
HG00178	female	EUR	FIN	Y	Y
HG00525	female	EAS	CHS	Y	Y
HG00180	female	EUR	FIN	Y	Y
HG00185	male	EUR	FIN	Y	Y
HG00366	male	EUR	FIN	Y	Y
HG00236	female	EUR	GBR	Y	Y
HG00373	female	EUR	FIN	Y	Y
HG00243	male	EUR	GBR	Y	Y
HG00378	female	EUR	FIN	Y	Y
HG00128	female	EUR	GBR	Y	Y
HG00380	female	EUR	FIN	Y	Y
HG00142	male	EUR	GBR	Y	Y
HG00551	female	AMR	PUR	Y	Y
HG00556	male	EAS	CHS	Y	Y
HG00154	female	EUR	GBR	Y	Y
HG00173	female	EUR	FIN	Y	Y
HG00309	female	EUR	FIN	Y	Y
HG00311	male	EUR	FIN	Y	Y
HG00109	male	EUR	GBR	Y	Y
HG00323	female	EUR	FIN	Y	Y
HG00111	female	EUR	GBR	Y	Y
HG00328	female	EUR	FIN	Y	Y
HG00116	male	EUR	GBR	Y	Y
HG00330	female	EUR	FIN	Y	Y
HG00123	female	EUR	GBR	Y	Y
HG00436	male	EAS	CHS	Y	Y
HG00250	female	EUR	GBR	Y	Y
HG00255	female	EUR	GBR	Y	Y
HG00448	male	EAS	CHS	Y	Y
HG00096	male	EUR	GBR	Y	Y
HG00265	male	EUR	GBR	Y	Y
HG00277	male	EUR	FIN	Y	Y
HG00284	male	EUR	FIN	Y	Y
HG00103	male	EUR	GBR	Y	Y
HG00553	male	AMR	PUR	Y	Y
HG00342	male	EUR	FIN	Y	Y
HG00560	female	EAS	CHS	Y	Y
HG00115	male	EUR	GBR	Y	Y
HG00565	male	EAS	CHS	Y	Y
HG00361	female	EUR	FIN	Y	Y
HG00584	female	EAS	CHS	Y	Y
HG00599	female	EAS	CHS	Y	Y
HG00638	female	AMR	PUR	Y	Y
HG00640	male	AMR	PUR	Y	Y
HG00445	male	EAS	CHS	Y	Y
HG00457	male	EAS	CHS	Y	Y
HG00464	female	EAS	CHS	Y	Y
HG00614	female	EAS	CHS	Y	Y
HG00619	male	EAS	CHS	Y	Y
HG00596	female	EAS	CHS	Y	Y
HG00626	female	EAS	CHS	Y	Y
HG00611	female	EAS	CHS	Y	Y
HG00368	female	EUR	FIN	Y	Y
HG00683	male	EAS	CHS	Y	Y
HG00690	female	EAS	CHS	Y	Y
HG00382	male	EUR	FIN	Y	Y
HG00177	female	EUR	FIN	Y	Y
HG01061	female	AMR	PUR	Y	Y
HG00189	male	EUR	FIN	Y	Y
HG00306	female	EUR	FIN	Y	Y
HG01066	male	AMR	PUR	Y	Y
HG00235	female	EUR	GBR	Y	Y
HG00313	female	EUR	FIN	Y	Y
HG01073	female	AMR	PUR	Y	Y
HG00318	female	EUR	FIN	Y	Y
HG01080	female	AMR	PUR	Y	Y
HG00254	female	EUR	GBR	Y	Y
HG00325	male	EUR	FIN	Y	Y
HG00259	female	EUR	GBR	Y	Y
HG00332	female	EUR	FIN	Y	Y
HG01112	male	AMR	CLM	Y	Y
HG01028	male	EAS	CDX	Y	Y
HG00367	female	EUR	FIN	Y	Y
HG00344	female	EUR	FIN	Y	Y
HG01047	male	AMR	PUR	Y	Y
HG00379	female	EUR	FIN	Y	Y
HG01054	male	AMR	PUR	Y	Y
HG00381	female	EUR	FIN	Y	Y
HG00739	male	AMR	PUR	Y	Y
HG00406	male	EAS	CHS	Y	Y
HG00331	female	EUR	FIN	Y	Y
HG00267	male	EUR	FIN	Y	Y
HG00274	female	EUR	FIN	Y	Y
HG01085	male	AMR	PUR	Y	Y
HG00343	female	EUR	FIN	Y	Y
HG01092	female	AMR	PUR	Y	Y
HG00350	female	EUR	FIN	Y	Y
HG01097	male	AMR	PUR	Y	Y
HG00717	female	EAS	CHS	Y	Y
HG00708	female	EAS	CHS	Y	Y
HG00734	female	AMR	PUR	Y	Y
HG00731	male	AMR	PUR	Y	Y
HG01124	male	AMR	CLM	Y	Y
HG00736	male	AMR	PUR	Y	Y
HG01131	female	AMR	CLM	Y	Y
HG01136	male	AMR	CLM	Y	Y
HG01148	male	AMR	CLM	Y	Y
HG00139	male	EUR	GBR	Y	Y
HG01075	male	AMR	PUR	Y	Y
HG00146	female	EUR	GBR	Y	Y
HG01082	male	AMR	PUR	Y	Y
HG00266	female	EUR	FIN	Y	Y
HG01049	female	AMR	PUR	Y	Y
HG01383	male	AMR	CLM	Y	Y
HG00273	male	EUR	FIN	Y	Y
HG01051	male	AMR	PUR	Y	Y
HG00278	male	EUR	FIN	Y	Y
HG00280	male	EUR	FIN	Y	Y
HG01251	female	AMR	CLM	Y	Y
HG00628	male	EAS	CHS	Y	Y
HG01256	male	AMR	CLM	Y	Y
HG01162	female	AMR	PUR	Y	Y
HG01167	male	AMR	PUR	Y	Y
HG01174	female	AMR	PUR	Y	Y
HG00692	male	EAS	CHS	Y	Y
HG01275	female	AMR	CLM	Y	Y
HG01302	male	AMR	PUR	Y	Y
HG00329	male	EUR	FIN	Y	Y
HG00705	female	EAS	CHS	Y	Y
HG01326	female	AMR	PUR	Y	Y
HG01345	female	AMR	CLM	Y	Y
HG01357	female	AMR	CLM	Y	Y
HG00533	male	EAS	CHS	Y	Y
HG01121	male	AMR	CLM	Y	Y
HG01198	female	AMR	PUR	Y	Y
HG00634	male	EAS	CHS	Y	Y
HG01395	male	AMR	PUR	Y	Y
HG01403	female	AMR	PUR	Y	Y
HG00641	female	AMR	PUR	Y	Y
HG01491	male	AMR	CLM	Y	Y
HG00653	male	EAS	CHS	Y	Y
HG01094	male	AMR	PUR	Y	Y
HG01504	female	EUR	IBS	Y	Y
HG00672	female	EAS	CHS	Y	Y
HG01102	female	AMR	PUR	Y	Y
HG01597	female	EAS	KHV	Y	Y
HG00743	female	AMR	PUR	Y	Y
HG01600	female	EAS	KHV	Y	Y
HG00590	female	EAS	CHS	Y	Y
HG00844	male	EAS	CDX	Y	Y
HG00595	male	EAS	CHS	Y	Y
HG00851	female	EAS	CDX	Y	Y
HG01509	male	EUR	IBS	Y	Y
HG01164	male	AMR	PUR	Y	Y
HG01516	female	EUR	IBS	Y	Y
HG00742	male	AMR	PUR	Y	Y
HG01171	female	AMR	PUR	Y	Y
HG00759	female	EAS	CDX	Y	Y
HG01176	male	AMR	PUR	Y	Y
HG00766	female	EAS	CDX	Y	Y
HG01183	female	AMR	PUR	Y	Y
HG00867	female	EAS	CDX	Y	Y
HG01188	female	AMR	PUR	Y	Y
HG01441	female	AMR	CLM	Y	Y
HG00879	female	EAS	CDX	Y	Y
HG01566	female	AMR	PEL	Y	Y
HG00881	male	EAS	CDX	Y	Y
HG01311	male	AMR	PUR	Y	Y
HG00684	female	EAS	CHS	Y	Y
HG01323	female	AMR	PUR	Y	Y
HG01578	female	AMR	PEL	Y	Y
HG00689	male	EAS	CHS	Y	Y
HG01612	female	EUR	IBS	Y	Y
HG01617	male	EUR	IBS	Y	Y
HG00704	male	EAS	CHS	Y	Y
HG01354	female	AMR	CLM	Y	Y
HG00449	female	EAS	CHS	Y	Y
HG01359	male	AMR	CLM	Y	Y
HG00451	male	EAS	CHS	Y	Y
HG00463	male	EAS	CHS	Y	Y
HG01366	female	AMR	CLM	Y	Y
HG01489	female	AMR	CLM	Y	Y
HG01253	male	AMR	CLM	Y	Y
HG01260	female	AMR	CLM	Y	Y
HG01528	female	EUR	IBS	Y	Y
HG00728	male	EAS	CHS	Y	Y
HG01530	male	EUR	IBS	Y	Y
HG01133	male	AMR	CLM	Y	Y
HG01140	female	AMR	CLM	Y	Y
HG01378	female	AMR	CLM	Y	Y
HG01392	male	AMR	PUR	Y	Y
HG01405	male	AMR	PUR	Y	Y
HG01029	female	EAS	CDX	Y	Y
HG01412	male	AMR	PUR	Y	Y
HG01775	male	EUR	IBS	Y	Y
HG01031	male	EAS	CDX	Y	Y
HG01277	male	AMR	CLM	Y	Y
HG01679	female	EUR	IBS	Y	Y
HG01048	male	AMR	PUR	Y	Y
HG01284	female	AMR	CLM	Y	Y
HG01055	female	AMR	PUR	Y	Y
HG01168	female	AMR	PUR	Y	Y
HG01170	male	AMR	PUR	Y	Y
HG01498	female	AMR	CLM	Y	Y
HG01857	female	EAS	KHV	Y	Y
HG01182	male	AMR	PUR	Y	Y
HG01506	male	EUR	IBS	Y	Y
HG01864	male	EAS	KHV	Y	Y
HG01257	female	AMR	CLM	Y	Y
HG01802	female	EAS	CDX	Y	Y
HG01269	female	AMR	CLM	Y	Y
HG01807	female	EAS	CDX	Y	Y
HG01271	male	AMR	CLM	Y	Y
HG01556	male	AMR	CLM	Y	Y
HG01067	female	AMR	PUR	Y	Y
HG01518	male	EUR	IBS	Y	Y
HG01840	male	EAS	KHV	Y	Y
HG01079	male	AMR	PUR	Y	Y
HG01525	female	EUR	IBS	Y	Y
HG01845	female	EAS	KHV	Y	Y
HG01101	male	AMR	PUR	Y	Y
HG01953	male	AMR	PEL	Y	Y
HG01958	female	AFR	ACB	Y	Y
HG01113	female	AMR	CLM	Y	Y
HG01125	female	AMR	CLM	Y	Y
HG01626	female	EUR	IBS	Y	Y
HG01965	female	AMR	PEL	Y	Y
HG01137	female	AMR	CLM	Y	Y
HG01149	female	AMR	CLM	Y	Y
HG01991	male	AMR	PEL	Y	Y
HG01086	female	AMR	PUR	Y	Y
HG01883	female	AFR	ACB	Y	Y
HG01098	female	AMR	PUR	Y	Y
HG01479	male	AMR	CLM	Y	Y
HG01890	male	AFR	ACB	Y	Y
HG01486	female	AMR	CLM	Y	Y
HG01187	male	AMR	PUR	Y	Y
HG01455	male	AMR	CLM	Y	Y
HG01927	female	AMR	PEL	Y	Y
HG01462	female	AMR	CLM	Y	Y
HG01365	male	AMR	CLM	Y	Y
HG01431	male	AMR	CLM	Y	Y
HG01939	female	AMR	PEL	Y	Y
HG01372	female	AMR	CLM	Y	Y
HG01443	male	AMR	CLM	Y	Y
HG01377	male	AMR	CLM	Y	Y
HG01784	female	EUR	IBS	Y	Y
HG02002	male	AMR	PEL	Y	Y
HG01389	male	AMR	CLM	Y	Y
HG01789	male	EUR	GBR	Y	Y
HG02014	male	AFR	ACB	Y	Y
HG01791	male	EUR	GBR	Y	Y
HG01308	male	AMR	PUR	Y	Y
HG01977	male	AMR	PEL	Y	Y
HG01941	male	AMR	PEL	Y	Y
HG01334	male	EUR	GBR	Y	Y
HG01869	female	EAS	KHV	Y	Y
HG01341	male	AMR	CLM	Y	Y
HG01676	female	EUR	IBS	Y	Y
HG01871	female	EAS	KHV	Y	Y
HG01492	female	AMR	CLM	Y	Y
HG01710	female	EUR	IBS	Y	Y
HG02141	male	EAS	KHV	Y	Y
HG01497	male	AMR	CLM	Y	Y
HG02146	male	AMR	PEL	Y	Y
HG01765	male	EUR	IBS	Y	Y
HG01447	female	AMR	CLM	Y	Y
HG01842	male	EAS	KHV	Y	Y
HG02090	male	AMR	PEL	Y	Y
HG01459	female	AMR	CLM	Y	Y
HG01859	female	EAS	KHV	Y	Y
HG02064	male	EAS	KHV	Y	Y
HG01461	male	AMR	CLM	Y	Y
HG01861	male	EAS	KHV	Y	Y
HG01866	male	EAS	KHV	Y	Y
HG02076	male	EAS	KHV	Y	Y
HG01353	male	AMR	CLM	Y	Y
HG01777	male	EUR	IBS	Y	Y
HG02095	female	AFR	ACB	Y	Y
HG01804	female	EAS	CDX	Y	Y
HG01360	female	AMR	CLM	Y	Y
HG01809	female	EAS	CDX	Y	Y
HG02122	male	EAS	KHV	Y	Y
HG02052	female	AFR	ACB	Y	Y
HG01524	male	EUR	IBS	Y	Y
HG01695	female	EUR	IBS	Y	Y
HG02057	female	EAS	KHV	Y	Y
HG01396	female	AMR	PUR	Y	Y
HG02019	female	EAS	KHV	Y	Y
HG01708	male	EUR	IBS	Y	Y
HG02134	male	EAS	KHV	Y	Y
HG02016	female	EAS	KHV	Y	Y
HG02139	female	EAS	KHV	Y	Y
HG01435	female	AMR	CLM	Y	Y
HG01885	male	AFR	ACB	Y	Y
HG01892	male	AMR	PEL	Y	Y
HG02165	female	EAS	CDX	Y	Y
HG01912	male	AFR	ACB	Y	Y
HG02266	female	AMR	PEL	Y	Y
HG01917	male	AMR	PEL	Y	Y
HG01924	female	AMR	PEL	Y	Y
HG02278	female	AMR	PEL	Y	Y
HG02398	male	EAS	CDX	Y	Y
HG01550	male	AMR	CLM	Y	Y
HG02406	male	EAS	CDX	Y	Y
HG01613	female	EUR	IBS	Y	Y
HG01878	female	EAS	KHV	Y	Y
HG02420	male	AFR	ACB	Y	Y
HG01618	female	EUR	IBS	Y	Y
HG01620	female	EUR	IBS	Y	Y
HG02374	male	EAS	CDX	Y	Y
HG02379	male	EAS	CDX	Y	Y
HG01598	female	EAS	KHV	Y	Y
HG01950	male	AMR	PEL	Y	Y
HG01974	male	AMR	PEL	Y	Y
HG01606	male	EUR	IBS	Y	Y
HG01979	male	AMR	PEL	Y	Y
HG01668	female	EUR	IBS	Y	Y
HG02343	male	AFR	ACB	Y	Y
HG01670	female	EUR	IBS	Y	Y
HG01967	male	AMR	PEL	Y	Y
HG02348	female	AMR	PEL	Y	Y
HG01675	male	EUR	IBS	Y	Y
HG02355	male	EAS	CDX	Y	Y
HG01682	male	EUR	IBS	Y	Y
HG02259	male	AMR	PEL	Y	Y
HG01694	male	EUR	IBS	Y	Y
HG02150	male	AMR	PEL	Y	Y
HG01699	male	EUR	IBS	Y	Y
HG02155	female	EAS	CDX	Y	Y
HG01702	female	EUR	IBS	Y	Y
HG02047	male	EAS	KHV	Y	Y
HG02054	female	AFR	ACB	Y	Y
HG02235	female	EUR	IBS	Y	Y
HG02312	female	AMR	PEL	Y	Y
HG01771	male	EUR	IBS	Y	Y
HG02023	male	EAS	KHV	Y	Y
HG02386	male	EAS	CDX	Y	Y
HG02588	male	AFR	GWD	Y	Y
HG01815	female	EAS	CDX	Y	Y
HG02595	female	AFR	GWD	Y	Y
HG01841	female	EAS	KHV	Y	Y
HG02603	male	SAS	PJL	Y	Y
HG01846	male	EAS	KHV	Y	Y
HG02220	female	EUR	IBS	Y	Y
HG02494	female	SAS	PJL	Y	Y
HG01783	male	EUR	IBS	Y	Y
HG02078	female	EAS	KHV	Y	Y
HG01790	female	EUR	GBR	Y	Y
HG02425	female	AMR	PEL	Y	Y
HG02085	male	EAS	KHV	Y	Y
HG02131	male	EAS	KHV	Y	Y
HG02583	female	AFR	GWD	Y	Y
HG02073	male	EAS	KHV	Y	Y
HG01923	male	AMR	PEL	Y	Y
HG02105	female	AMR	PEL	Y	Y
HG02179	female	EAS	CDX	Y	Y
HG02181	female	EAS	CDX	Y	Y
HG02521	male	EAS	KHV	Y	Y
HG02390	male	EAS	CDX	Y	Y
HG01935	male	AMR	PEL	Y	Y
HG02395	male	EAS	CDX	Y	Y
HG02470	male	AFR	ACB	Y	Y
HG01942	female	AMR	PEL	Y	Y
HG01947	male	AMR	PEL	Y	Y
HG02299	male	AMR	PEL	Y	Y
HG02545	male	AFR	ACB	Y	Y
HG02003	female	AMR	PEL	Y	Y
HG02716	female	AFR	GWD	Y	Y
HG02008	male	AMR	PEL	Y	Y
HG02010	female	AFR	ACB	Y	Y
HG02728	female	SAS	PJL	Y	Y
HG02275	female	AMR	PEL	Y	Y
HG02759	male	AFR	GWD	Y	Y
HG02104	male	AMR	PEL	Y	Y
HG02111	female	AFR	ACB	Y	Y
HG02408	male	EAS	CDX	Y	Y
HG02116	male	EAS	KHV	Y	Y
HG02691	female	SAS	PJL	Y	Y
HG02696	male	SAS	PJL	Y	Y
HG02084	female	EAS	KHV	Y	Y
HG02364	male	EAS	CDX	Y	Y
HG02089	female	AMR	PEL	Y	Y
HG02371	male	EAS	CDX	Y	Y
HG01954	female	AMR	PEL	Y	Y
HG02345	female	AMR	PEL	Y	Y
HG02658	female	SAS	PJL	Y	Y
HG01961	male	AMR	PEL	Y	Y
HG02660	male	SAS	PJL	Y	Y
HG01992	female	AMR	PEL	Y	Y
HG01997	female	AMR	PEL	Y	Y
HG02792	male	SAS	PJL	Y	Y
HG01973	female	AMR	PEL	Y	Y
HG01980	female	AMR	PEL	Y	Y
HG02554	male	AFR	ACB	Y	Y
HG02817	female	AFR	GWD	Y	Y
HG02561	male	AFR	GWD	Y	Y
HG02489	male	AFR	ACB	Y	Y
HG03012	male	SAS	BEB	Y	Y
HG02491	female	SAS	PJL	Y	Y
HG02147	female	AMR	PEL	Y	Y
HG02496	male	AFR	ACB	Y	Y
HG02879	female	AFR	GWD	Y	Y
HG02573	male	AFR	GWD	Y	Y
HG02281	male	AFR	ACB	Y	Y
HG02580	female	AFR	ACB	Y	Y
HG02585	male	AFR	GWD	Y	Y
HG02255	male	AFR	ACB	Y	Y
HG02262	male	AMR	PEL	Y	Y
HG02597	male	SAS	PJL	Y	Y
HG02600	male	SAS	PJL	Y	Y
HG02298	female	AMR	PEL	Y	Y
HG02427	female	AFR	ACB	Y	Y
HG03081	male	AFR	MSL	Y	Y
HG02301	female	AMR	PEL	Y	Y
HG02439	male	AFR	ACB	Y	Y
HG03086	female	AFR	MSL	Y	Y
HG02224	male	EUR	IBS	Y	Y
HG02667	female	AFR	GWD	Y	Y
HG02944	male	AFR	ESN	Y	Y
HG03163	male	AFR	ESN	Y	Y
HG02775	female	SAS	PJL	Y	Y
HG02178	female	EAS	CDX	Y	Y
HG02185	female	EAS	CDX	Y	Y
HG02840	female	AFR	GWD	Y	Y
HG03303	female	AFR	ESN	Y	Y
HG02787	female	SAS	PJL	Y	Y
HG02471	female	AFR	ACB	Y	Y
HG02476	female	AFR	ACB	Y	Y
HG02737	female	SAS	PJL	Y	Y
HG03120	male	AFR	ESN	Y	Y
HG02332	male	AFR	ACB	Y	Y
HG02337	female	AFR	ACB	Y	Y
HG02807	male	AFR	GWD	Y	Y
HG02351	male	EAS	CDX	Y	Y
HG02814	female	AFR	GWD	Y	Y
HG02399	male	EAS	CDX	Y	Y
HG02725	female	SAS	PJL	Y	Y
HG03132	female	AFR	ESN	Y	Y
HG02356	male	EAS	CDX	Y	Y
HG02375	male	EAS	CDX	Y	Y
HG02382	male	EAS	CDX	Y	Y
HG02922	female	AFR	ESN	Y	Y
HG03019	female	SAS	PJL	Y	Y
HG03021	male	SAS	PJL	Y	Y
HG03478	male	AFR	MSL	Y	Y
HG02541	male	AFR	ACB	Y	Y
HG02558	female	AFR	ACB	Y	Y
HG03007	female	SAS	BEB	Y	Y
HG02490	male	SAS	PJL	Y	Y
HG03045	male	AFR	GWD	Y	Y
HG03428	female	AFR	MSL	Y	Y
HG03057	male	AFR	MSL	Y	Y
HG02445	male	AFR	ACB	Y	Y
HG02724	male	SAS	PJL	Y	Y
HG02946	female	AFR	ESN	Y	Y
HG02628	male	AFR	GWD	Y	Y
HG02642	male	AFR	GWD	Y	Y
HG03391	male	AFR	MSL	Y	Y
HG02611	female	AFR	GWD	Y	Y
HG02977	male	AFR	ESN	Y	Y
HG02623	male	AFR	GWD	Y	Y
HG02685	female	SAS	PJL	Y	Y
HG03649	male	SAS	PJL	Y	Y
HG02697	female	SAS	PJL	Y	Y
HG03095	female	AFR	MSL	Y	Y
HG02700	female	SAS	PJL	Y	Y
HG03228	male	SAS	PJL	Y	Y
HG03702	male	SAS	PJL	Y	Y
HG02678	male	AFR	GWD	Y	Y
HG03235	female	SAS	PJL	Y	Y
HG03714	female	SAS	ITU	Y	Y
HG03733	female	SAS	STU	Y	Y
HG02577	female	AFR	ACB	Y	Y
HG03740	male	SAS	STU	Y	Y
HG03115	male	AFR	ESN	Y	Y
HG03752	female	SAS	STU	Y	Y
HG03259	female	AFR	GWD	Y	Y
HG03593	male	SAS	BEB	Y	Y
HG02736	male	SAS	PJL	Y	Y
HG03139	male	AFR	ESN	Y	Y
HG02589	female	AFR	GWD	Y	Y
HG03668	female	SAS	PJL	Y	Y
HG02983	female	AFR	GWD	Y	Y
HG03209	male	AFR	MSL	Y	Y
HG03280	male	AFR	ESN	Y	Y
HG02837	female	AFR	GWD	Y	Y
HG03625	female	SAS	PJL	Y	Y
HG03172	male	AFR	ESN	Y	Y
HG02774	male	SAS	PJL	Y	Y
HG03189	female	AFR	ESN	Y	Y
HG02798	male	AFR	GWD	Y	Y
HG03757	female	SAS	STU	Y	Y
HG02813	male	AFR	GWD	Y	Y
HG03771	male	SAS	ITU	Y	Y
HG03538	male	AFR	GWD	Y	Y
HG03803	male	SAS	BEB	Y	Y
HG02976	female	AFR	ESN	Y	Y
HG03911	male	SAS	BEB	Y	Y
HG02793	female	SAS	PJL	Y	Y
HG03437	female	AFR	MSL	Y	Y
HG03884	female	SAS	STU	Y	Y
HG02938	male	AFR	ESN	Y	Y
HG03449	female	AFR	MSL	Y	Y
HG03896	male	SAS	STU	Y	Y
HG03343	male	AFR	ESN	Y	Y
HG03872	male	SAS	ITU	Y	Y
HG03169	male	AFR	ESN	Y	Y
HG03571	male	AFR	MSL	Y	Y
HG03018	male	SAS	PJL	Y	Y
HG03049	female	AFR	GWD	Y	Y
HG03916	female	SAS	BEB	Y	Y
HG03928	female	SAS	BEB	Y	Y
HG03499	female	AFR	ESN	Y	Y
HG03514	female	AFR	ESN	Y	Y
HG03947	female	SAS	STU	Y	Y
HG04003	male	SAS	STU	Y	Y
HG04015	male	SAS	ITU	Y	Y
HG04022	male	SAS	ITU	Y	Y
HG03099	female	AFR	ESN	Y	Y
HG03709	female	SAS	PJL	Y	Y
HG03114	female	AFR	ESN	Y	Y
HG03133	male	AFR	ESN	Y	Y
HG04096	male	SAS	ITU	Y	Y
HG03063	male	AFR	MSL	Y	Y
HG03660	male	SAS	PJL	Y	Y
HG04039	male	SAS	STU	Y	Y
HG03583	female	AFR	MSL	Y	Y
HG03973	female	SAS	ITU	Y	Y
HG03241	female	AFR	GWD	Y	Y
HG03691	male	SAS	STU	Y	Y
HG03696	male	SAS	STU	Y	Y
HG03342	female	AFR	ESN	Y	Y
HG03684	female	SAS	STU	Y	Y
HG03366	female	AFR	ESN	Y	Y
NA11840	female	EUR	CEU	Y	Y
HG03754	female	SAS	STU	Y	Y
HG03824	male	SAS	BEB	Y	Y
HG04229	male	SAS	STU	Y	Y
HG03829	female	SAS	BEB	Y	Y
HG03836	female	SAS	STU	Y	Y
HG04200	female	SAS	ITU	Y	Y
HG03436	male	AFR	MSL	Y	Y
HG03385	male	AFR	MSL	Y	Y
HG04185	male	SAS	BEB	Y	Y
HG04159	female	SAS	BEB	Y	Y
HG03773	male	SAS	ITU	Y	Y
HG03518	male	AFR	ESN	Y	Y
HG03862	female	SAS	ITU	Y	Y
NA12778	female	EUR	CEU	Y	Y
NA12812	male	EUR	CEU	Y	Y
HG03874	female	SAS	ITU	Y	Y
HG03812	male	SAS	BEB	Y	Y
NA12843	female	EUR	CEU	Y	Y
HG03817	female	SAS	BEB	Y	Y
NA12874	male	EUR	CEU	Y	Y
HG03607	female	SAS	BEB	Y	Y
HG03778	male	SAS	ITU	Y	Y
HG03780	female	SAS	ITU	Y	Y
HG03848	male	SAS	STU	Y	Y
NA12413	male	EUR	CEU	Y	Y
HG03850	male	SAS	STU	Y	Y
NA12716	male	EUR	CEU	Y	Y
NA18548	male	EAS	CHB	Y	Y
NA18550	female	EAS	CHB	Y	Y
HG03951	female	SAS	STU	Y	Y
HG04062	female	SAS	ITU	Y	Y
NA18562	male	EAS	CHB	Y	Y
NA12273	female	EUR	CEU	Y	Y
HG03563	female	AFR	MSL	Y	Y
HG03575	female	AFR	MSL	Y	Y
HG03479	female	AFR	MSL	Y	Y
HG04118	female	SAS	ITU	Y	Y
HG04017	male	SAS	ITU	Y	Y
NA18517	female	AFR	YRI	Y	Y
HG04144	female	SAS	BEB	Y	Y
NA18613	male	EAS	CHB	Y	Y
NA18618	female	EAS	CHB	Y	Y
NA18620	male	EAS	CHB	Y	Y
HG03765	female	SAS	PJL	Y	Y
NA18567	female	EAS	CHB	Y	Y
HG03925	female	SAS	BEB	Y	Y
NA18574	female	EAS	CHB	Y	Y
HG03809	male	SAS	BEB	Y	Y
NA18593	female	EAS	CHB	Y	Y
HG03963	male	SAS	ITU	Y	Y
HG03823	female	SAS	BEB	Y	Y
NA18916	female	AFR	YRI	Y	Y
NA06994	male	EUR	CEU	Y	Y
HG03690	female	SAS	STU	Y	Y
NA18853	male	AFR	YRI	Y	Y
HG03796	female	SAS	BEB	Y	Y
NA07048	male	EUR	CEU	Y	Y
NA18858	female	AFR	YRI	Y	Y
HG03722	female	SAS	ITU	Y	Y
NA11931	female	EUR	CEU	Y	Y
HG03727	male	SAS	ITU	Y	Y
HG03746	male	SAS	STU	Y	Y
NA12155	male	EUR	CEU	Y	Y
HG03753	male	SAS	STU	Y	Y
NA18909	female	AFR	YRI	Y	Y
HG03777	male	SAS	ITU	Y	Y
NA11830	female	EUR	CEU	Y	Y
HG03784	female	SAS	ITU	Y	Y
NA11892	female	EUR	CEU	Y	Y
HG03931	female	SAS	BEB	Y	Y
NA18745	male	EAS	CHB	Y	Y
HG03950	male	SAS	STU	Y	Y
NA18625	female	EAS	CHB	Y	Y
HG03917	male	SAS	BEB	Y	Y
NA18637	male	EAS	CHB	Y	Y
NA18978	female	EAS	JPT	Y	Y
HG03900	male	SAS	STU	Y	Y
NA18980	female	EAS	JPT	Y	Y
HG04202	female	SAS	ITU	Y	Y
NA18985	male	EAS	JPT	Y	Y
HG03955	female	SAS	STU	Y	Y
NA18961	male	EAS	JPT	Y	Y
HG03967	male	SAS	ITU	Y	Y
HG04182	male	SAS	BEB	Y	Y
NA18966	male	EAS	JPT	Y	Y
HG03974	male	SAS	ITU	Y	Y
NA18973	female	EAS	JPT	Y	Y
HG04194	male	SAS	BEB	Y	Y
NA18992	female	EAS	JPT	Y	Y
HG03897	female	SAS	STU	Y	Y
HG04219	male	SAS	ITU	Y	Y
NA18997	female	EAS	JPT	Y	Y
NA19003	female	EAS	JPT	Y	Y
NA18947	female	EAS	JPT	Y	Y
HG04156	female	SAS	BEB	Y	Y
NA18959	male	EAS	JPT	Y	Y
HG03854	male	SAS	STU	Y	Y
NA12383	female	EUR	CEU	Y	Y
HG03986	female	SAS	STU	Y	Y
NA12489	female	EUR	CEU	Y	Y
HG03998	male	SAS	STU	Y	Y
NA12718	female	EUR	CEU	Y	Y
HG04023	male	SAS	ITU	Y	Y
NA12749	female	EUR	CEU	Y	Y
NA12751	female	EUR	CEU	Y	Y
NA12249	female	EUR	CEU	Y	Y
HG04035	female	SAS	STU	Y	Y
NA19116	female	AFR	YRI	Y	Y
HG04042	female	SAS	STU	Y	Y
HG04047	female	SAS	STU	Y	Y
NA12287	female	EUR	CEU	Y	Y
HG04054	female	SAS	ITU	Y	Y
NA12340	male	EUR	CEU	Y	Y
NA19130	male	AFR	YRI	Y	Y
HG04155	male	SAS	BEB	Y	Y
HG04162	female	SAS	BEB	Y	Y
NA18502	female	AFR	YRI	Y	Y
NA18507	male	AFR	YRI	Y	Y
NA18519	male	AFR	YRI	Y	Y
NA19091	male	EAS	JPT	Y	Y
NA19096	male	AFR	YRI	Y	Y
NA12763	female	EUR	CEU	Y	Y
HG04206	male	SAS	ITU	Y	Y
HG04059	female	SAS	ITU	Y	Y
NA19236	male	AFR	YRI	Y	Y
NA12814	male	EUR	CEU	Y	Y
NA19027	male	AFR	LWK	Y	Y
NA18545	female	EAS	CHB	Y	Y
NA19041	male	AFR	LWK	Y	Y
NA18552	female	EAS	CHB	Y	Y
NA18557	male	EAS	CHB	Y	Y
NA18564	female	EAS	CHB	Y	Y
NA19077	female	EAS	JPT	Y	Y
NA19084	female	EAS	JPT	Y	Y
NA18595	female	EAS	CHB	Y	Y
NA19060	male	EAS	JPT	Y	Y
NA18603	male	EAS	CHB	Y	Y
NA19065	female	EAS	JPT	Y	Y
NA12399	male	EUR	CEU	Y	Y
NA18608	male	EAS	CHB	Y	Y
NA19010	female	EAS	JPT	Y	Y
NA12414	female	EUR	CEU	Y	Y
NA19678	female	AMR	MXL	Y	Y
NA18615	female	EAS	CHB	Y	Y
NA12717	female	EUR	CEU	Y	Y
NA18622	male	EAS	CHB	Y	Y
NA12748	male	EUR	CEU	Y	Y
NA18526	female	EAS	CHB	Y	Y
NA19700	male	AFR	ASW	Y	Y
NA18533	female	EAS	CHB	Y	Y
NA19399	female	AFR	LWK	Y	Y
NA12003	male	EUR	CEU	Y	Y
NA18874	male	AFR	YRI	Y	Y
NA12046	female	EUR	CEU	Y	Y
NA12058	female	EUR	CEU	Y	Y
NA18881	female	AFR	YRI	Y	Y
NA19445	female	AFR	LWK	Y	Y
NA12154	male	EUR	CEU	Y	Y
NA12750	male	EUR	CEU	Y	Y
NA19654	female	AMR	MXL	Y	Y
NA18867	female	AFR	YRI	Y	Y
NA12813	female	EUR	CEU	Y	Y
NA18634	female	EAS	CHB	Y	Y
NA19661	male	AMR	MXL	Y	Y
NA18498	male	AFR	YRI	Y	N
NA18639	male	EAS	CHB	Y	Y
NA18501	male	AFR	YRI	Y	Y
NA18963	female	EAS	JPT	Y	Y
NA18968	female	EAS	JPT	Y	Y
NA18520	female	AFR	YRI	Y	Y
NA18970	male	EAS	JPT	Y	Y
NA19452	male	AFR	LWK	Y	Y
NA19457	female	AFR	LWK	Y	Y
NA18999	female	EAS	JPT	Y	Y
NA19351	female	AFR	LWK	Y	Y
NA19375	male	AFR	LWK	Y	Y
NA19005	male	EAS	JPT	Y	Y
NA19712	female	AFR	ASW	Y	Y
NA19717	male	AMR	MXL	Y	Y
NA18944	male	EAS	JPT	Y	Y
NA19729	male	AMR	MXL	Y	Y
NA19731	female	AMR	MXL	Y	Y
NA18956	female	EAS	JPT	Y	Y
NA12286	male	EUR	CEU	Y	Y
NA18646	female	EAS	CHB	Y	Y
NA18747	male	EAS	CHB	Y	Y
NA18982	male	EAS	JPT	Y	Y
NA18987	female	EAS	JPT	Y	Y
NA20346	male	AFR	ASW	Y	Y
NA19214	female	AFR	YRI	Y	Y
NA18924	female	AFR	YRI	Y	Y
NA18943	male	EAS	JPT	Y	Y
NA19238	female	AFR	YRI	Y	Y
NA18602	female	EAS	CHB	Y	Y
NA19762	male	AMR	MXL	Y	Y
NA18614	female	EAS	CHB	Y	Y
NA18619	female	EAS	CHB	Y	Y
NA19779	female	AMR	MXL	Y	Y
NA18626	female	EAS	CHB	Y	Y
NA19786	male	AMR	MXL	Y	Y
NA18633	male	EAS	CHB	Y	Y
NA19137	female	AFR	YRI	Y	Y
NA18638	male	EAS	CHB	Y	Y
NA19093	female	AFR	YRI	Y	Y
NA19818	male	AFR	ASW	Y	Y
NA18640	female	EAS	CHB	Y	Y
NA19098	male	AFR	YRI	Y	Y
NA19750	male	AMR	MXL	Y	Y
NA18878	female	AFR	YRI	Y	Y
NA19755	female	AMR	MXL	Y	Y
NA18912	female	AFR	YRI	Y	Y
NA19149	female	AFR	YRI	Y	Y
NA18582	female	EAS	CHB	Y	Y
NA18599	female	EAS	CHB	Y	Y
NA18525	female	EAS	CHB	Y	Y
NA18532	female	EAS	CHB	Y	Y
NA19036	female	AFR	LWK	Y	Y
NA20529	female	EUR	TSI	Y	Y
NA19043	male	AFR	LWK	Y	Y
NA20531	female	EUR	TSI	Y	Y
NA19055	male	EAS	JPT	Y	Y
NA20536	male	EUR	TSI	Y	Y
NA18861	female	AFR	YRI	Y	Y
NA19012	male	EAS	JPT	Y	Y
NA20543	male	EUR	TSI	Y	Y
NA18544	male	EAS	CHB	Y	Y
NA20586	male	EUR	TSI	Y	Y
NA18563	male	EAS	CHB	Y	Y
NA19079	male	EAS	JPT	Y	Y
NA18645	male	EAS	CHB	Y	Y
NA19086	male	EAS	JPT	Y	Y
NA19004	male	EAS	JPT	Y	Y
NA19062	male	EAS	JPT	Y	Y
NA20810	male	EUR	TSI	Y	Y
NA19023	female	AFR	LWK	Y	Y
NA20815	male	EUR	TSI	Y	Y
NA19649	male	AMR	MXL	Y	Y
NA20764	female	EUR	TSI	Y	Y
NA19651	female	AMR	MXL	Y	Y
NA20769	female	EUR	TSI	Y	Y
NA20771	female	EUR	TSI	Y	Y
NA20783	male	EUR	TSI	Y	Y
NA19030	female	AFR	LWK	Y	Y
NA20505	female	EUR	TSI	Y	Y
NA19035	male	AFR	LWK	Y	Y
NA20512	male	EUR	TSI	Y	Y
NA19042	female	AFR	LWK	Y	Y
NA19054	female	EAS	JPT	Y	Y
NA20524	male	EUR	TSI	Y	Y
NA18962	male	EAS	JPT	Y	Y
NA19428	male	AFR	LWK	Y	Y
NA18967	male	EAS	JPT	Y	Y
NA19430	male	AFR	LWK	Y	Y
NA18974	male	EAS	JPT	Y	Y
NA20896	female	SAS	GIH	Y	Y
NA18948	male	EAS	JPT	Y	Y
NA19315	female	AFR	LWK	Y	Y
NA20911	male	SAS	GIH	Y	Y
NA19078	female	EAS	JPT	Y	Y
NA19346	male	AFR	LWK	Y	Y
NA20822	female	EUR	TSI	Y	Y
NA19080	female	EAS	JPT	Y	Y
NA19682	male	AMR	MXL	Y	Y
NA20827	male	EUR	TSI	Y	Y
NA18979	female	EAS	JPT	Y	Y
NA19663	female	AMR	MXL	Y	Y
NA19670	male	AMR	MXL	Y	Y
NA20884	male	SAS	GIH	Y	Y
NA20853	female	SAS	GIH	Y	Y
NA19059	female	EAS	JPT	Y	Y
NA19391	female	AFR	LWK	Y	Y
NA21135	male	SAS	GIH	Y	Y
NA19372	male	AFR	LWK	Y	Y
NA19377	female	AFR	LWK	Y	Y
NA19201	female	AFR	YRI	Y	Y
NA19461	male	AFR	LWK	Y	Y
NA19466	male	AFR	LWK	Y	Y
NA19788	female	AMR	MXL	Y	Y
NA21104	male	SAS	GIH	Y	Y
NA19117	male	AFR	YRI	Y	Y
NA19795	male	AMR	MXL	Y	Y
NA21109	male	SAS	GIH	Y	Y
NA19129	female	AFR	YRI	Y	Y
NA19834	male	AFR	ASW	Y	Y
NA21111	male	SAS	GIH	Y	Y
NA19904	male	AFR	ASW	Y	Y
NA19726	male	AMR	MXL	Y	Y
NA21123	male	SAS	GIH	Y	Y
NA21128	male	SAS	GIH	Y	Y
NA21130	male	SAS	GIH	Y	Y
NA19376	male	AFR	LWK	Y	Y
NA20127	female	AFR	ASW	Y	Y
NA19403	female	AFR	LWK	Y	Y
NA19764	female	AMR	MXL	Y	Y
NA21089	female	SAS	GIH	Y	Y
NA19771	male	AMR	MXL	Y	Y
NA21091	male	SAS	GIH	Y	Y
NA19439	female	AFR	LWK	Y	Y
NA19776	female	AMR	MXL	Y	Y
NA19783	male	AMR	MXL	Y	Y
NA19740	female	AMR	MXL	Y	Y
NA19383	male	AFR	LWK	Y	Y
NA19390	female	AFR	LWK	Y	Y
NA20348	male	AFR	ASW	Y	Y
NA19720	male	AMR	MXL	Y	Y
NA19725	female	AMR	MXL	Y	Y
NA19732	male	AMR	MXL	Y	Y
NA19681	female	AMR	MXL	Y	Y
NA19701	female	AFR	ASW	Y	Y
NA19648	female	AMR	MXL	Y	Y
NA19655	male	AMR	MXL	Y	Y
NA20778	male	EUR	TSI	Y	Y
NA19749	female	AMR	MXL	Y	Y
NA20792	male	EUR	TSI	Y	Y
NA20797	female	EUR	TSI	Y	Y
NA19756	male	AMR	MXL	Y	Y
NA19770	female	AMR	MXL	Y	Y
NA20507	female	EUR	TSI	Y	Y
NA20514	female	EUR	TSI	Y	Y
NA20519	male	EUR	TSI	Y	Y
NA20521	male	EUR	TSI	Y	Y
NA19794	female	AMR	MXL	Y	Y
NA20533	female	EUR	TSI	Y	Y
NA19819	female	AFR	ASW	Y	Y
NA20532	male	EUR	TSI	Y	Y
NA20761	female	EUR	TSI	Y	Y
NA20544	male	EUR	TSI	Y	Y
NA20773	female	EUR	TSI	Y	Y
NA20587	female	EUR	TSI	Y	Y
NA20901	male	SAS	GIH	Y	Y
NA20874	female	SAS	GIH	Y	Y
NA20881	female	SAS	GIH	Y	Y
NA20289	female	AFR	ASW	Y	Y
NA20809	male	EUR	TSI	Y	Y
NA20862	female	SAS	GIH	Y	Y
NA20867	male	SAS	GIH	Y	Y
NA20506	female	EUR	TSI	Y	Y
NA21137	female	SAS	GIH	Y	Y
NA20513	male	EUR	TSI	Y	Y
NA20520	male	EUR	TSI	Y	Y
NA20525	male	EUR	TSI	Y	Y
NA21101	female	SAS	GIH	Y	Y
NA20359	female	AFR	ASW	Y	Y
NA21113	male	SAS	GIH	Y	Y
NA20412	female	AFR	ASW	Y	Y
NA21118	male	SAS	GIH	Y	Y
NA21120	female	SAS	GIH	Y	Y
NA21125	female	SAS	GIH	Y	Y
NA21086	female	SAS	GIH	Y	Y
NA20828	female	EUR	TSI	Y	Y
NA20847	female	SAS	GIH	Y	Y
NA20342	male	AFR	ASW	Y	Y
NA21143	female	SAS	GIH	Y	Y
NA20859	female	SAS	GIH	Y	Y
NA20861	male	SAS	GIH	Y	Y
NA20866	male	SAS	GIH	Y	Y
NA20878	female	SAS	GIH	Y	Y
NA21117	male	SAS	GIH	Y	Y
NA21124	male	SAS	GIH	Y	Y
NA21129	male	SAS	GIH	Y	Y
NA21092	male	SAS	GIH	Y	Y
NA21097	female	SAS	GIH	Y	Y
NA21100	male	SAS	GIH	Y	Y
NA20897	male	SAS	GIH	Y	Y
NA20900	female	SAS	GIH	Y	Y
NA21105	male	SAS	GIH	Y	Y
NA21112	male	SAS	GIH	Y	Y
HG00106	female	EUR	GBR	Y	Y
HG00113	male	EUR	GBR	Y	Y
HG00118	female	EUR	GBR	Y	Y
HG00353	female	EUR	FIN	Y	Y
HG00360	male	EUR	FIN	Y	Y
HG00409	male	EAS	CHS	Y	Y
HG00428	female	EAS	CHS	Y	Y
HG00182	male	EUR	FIN	Y	Y
HG00238	female	EUR	GBR	Y	Y
HG00240	female	EUR	GBR	Y	Y
HG00271	male	EUR	FIN	Y	Y
HG00276	female	EUR	FIN	Y	Y
HG00288	female	EUR	FIN	Y	Y
HG00290	male	EUR	FIN	Y	Y
HG00149	male	EUR	GBR	Y	Y
HG00151	male	EUR	GBR	Y	Y
HG00308	male	EUR	FIN	Y	Y
HG00315	female	EUR	FIN	Y	Y
HG00327	female	EUR	FIN	Y	Y
HG00334	female	EUR	FIN	Y	Y
HG00245	female	EUR	GBR	Y	Y
HG00257	female	EUR	GBR	Y	Y
HG00264	male	EUR	GBR	Y	Y
HG00125	female	EUR	GBR	Y	Y
HG00132	female	EUR	GBR	Y	Y
HG00500	male	EAS	CHS	Y	Y
HG00524	male	EAS	CHS	Y	Y
HG00531	female	EAS	CHS	Y	Y
HG00675	female	EAS	CHS	Y	Y
HG00740	female	AMR	PUR	Y	Y
HG00620	female	EAS	CHS	Y	Y
HG00625	male	EAS	CHS	Y	Y
HG00632	female	EAS	CHS	Y	Y
HG00637	male	AMR	PUR	Y	Y
HG00473	female	EAS	CHS	Y	Y
HG00478	male	EAS	CHS	Y	Y
HG00663	female	EAS	CHS	Y	Y
HG00593	female	EAS	CHS	Y	Y
HG00613	male	EAS	CHS	Y	Y
HG00978	female	EAS	CDX	Y	Y
HG01197	male	AMR	PUR	Y	Y
HG01200	male	AMR	PUR	Y	Y
HG01205	female	AMR	PUR	Y	Y
HG01248	female	AMR	PUR	Y	Y
HG00179	female	EUR	FIN	Y	Y
HG00181	male	EUR	FIN	Y	Y
HG01281	female	AMR	CLM	Y	Y
HG00237	female	EUR	GBR	Y	Y
HG01286	male	AMR	PUR	Y	Y
HG00129	male	EUR	GBR	Y	Y
HG00131	male	EUR	GBR	Y	Y
HG00136	male	EUR	GBR	Y	Y
HG01111	female	AMR	PUR	Y	Y
HG00143	male	EUR	GBR	Y	Y
HG01130	male	AMR	CLM	Y	Y
HG00150	female	EUR	GBR	Y	Y
HG01142	male	AMR	CLM	Y	Y
HG00112	male	EUR	GBR	Y	Y
HG01046	female	EAS	CDX	Y	Y
HG00097	female	EUR	GBR	Y	Y
HG01058	female	AMR	PUR	Y	Y
HG01060	male	AMR	PUR	Y	Y
HG01072	male	AMR	PUR	Y	Y
HG01089	female	AMR	PUR	Y	Y
HG00554	female	AMR	PUR	Y	Y
HG01173	male	AMR	PUR	Y	Y
HG00566	female	EAS	CHS	Y	Y
HG01495	female	AMR	CLM	Y	Y
HG01503	male	EUR	IBS	Y	Y
HG00580	male	EAS	CHS	Y	Y
HG00369	male	EUR	FIN	Y	Y
HG01438	female	AMR	CLM	Y	Y
HG00376	female	EUR	FIN	Y	Y
HG01440	male	AMR	CLM	Y	Y
HG00383	female	EUR	FIN	Y	Y
HG00403	male	EAS	CHS	Y	Y
HG01351	female	AMR	CLM	Y	Y
HG01356	male	AMR	CLM	Y	Y
HG01363	female	AMR	CLM	Y	Y
HG01510	female	EUR	IBS	Y	Y
HG01515	male	EUR	IBS	Y	Y
HG00410	female	EAS	CHS	Y	Y
HG01522	female	EUR	IBS	Y	Y
HG00422	female	EAS	CHS	Y	Y
HG01464	male	AMR	CLM	Y	Y
HG00446	female	EAS	CHS	Y	Y
HG00244	male	EUR	GBR	Y	Y
HG01488	male	AMR	CLM	Y	Y
HG00251	male	EUR	GBR	Y	Y
HG00256	male	EUR	GBR	Y	Y
HG01325	male	AMR	PUR	Y	Y
HG01344	male	AMR	CLM	Y	Y
HG01375	female	AMR	CLM	Y	Y
HG00542	male	EAS	CHS	Y	Y
HG01402	male	AMR	PUR	Y	Y
HG01414	female	AMR	PUR	Y	Y
HG01572	female	AMR	PEL	Y	Y
HG00275	female	EUR	FIN	Y	Y
HG01577	male	AMR	PEL	Y	Y
HG00282	female	EUR	FIN	Y	Y
HG01596	male	EAS	KHV	Y	Y
HG00338	male	EUR	FIN	Y	Y
HG00345	male	EUR	FIN	Y	Y
HG01680	male	EUR	IBS	Y	Y
HG00357	female	EUR	FIN	Y	Y
HG00364	female	EUR	FIN	Y	Y
HG00321	male	EUR	FIN	Y	Y
HG01623	female	EUR	IBS	Y	Y
HG01628	female	EUR	IBS	Y	Y
HG00732	female	AMR	PUR	Y	Y
HG01565	male	AMR	PEL	Y	Y
HG00737	female	AMR	PUR	Y	Y
HG00693	female	EAS	CHS	Y	Y
HG00698	male	EAS	CHS	Y	Y
HG01762	female	EUR	IBS	Y	Y
HG00592	male	EAS	CHS	Y	Y
HG01630	male	EUR	IBS	Y	Y
HG01673	female	EUR	IBS	Y	Y
HG01705	male	EUR	IBS	Y	Y
HG00662	male	EAS	CHS	Y	Y
HG00674	male	EAS	CHS	Y	Y
HG01921	female	AMR	PEL	Y	Y
HG01926	male	AMR	PEL	Y	Y
HG01083	female	AMR	PUR	Y	Y
HG01870	female	EAS	KHV	Y	Y
HG01088	male	AMR	PUR	Y	Y
HG01882	male	AFR	ACB	Y	Y
HG01933	female	AMR	PEL	Y	Y
HG01095	female	AMR	PUR	Y	Y
HG01938	male	AMR	PEL	Y	Y
HG01064	female	AMR	PUR	Y	Y
HG01069	male	AMR	PUR	Y	Y
HG01844	male	EAS	KHV	Y	Y
HG01052	female	AMR	PUR	Y	Y
HG00864	female	EAS	CDX	Y	Y
HG01786	female	EUR	IBS	Y	Y
HG01110	male	AMR	PUR	Y	Y
HG01122	female	AMR	CLM	Y	Y
HG01798	female	EAS	CDX	Y	Y
HG01801	female	EAS	CDX	Y	Y
HG01374	male	AMR	CLM	Y	Y
HG01806	female	EAS	CDX	Y	Y
HG01945	female	AMR	PEL	Y	Y
HG01393	female	AMR	PUR	Y	Y
HG01851	female	EAS	KHV	Y	Y
HG01191	female	AMR	PUR	Y	Y
HG01204	male	AMR	PUR	Y	Y
HG02102	female	AMR	PEL	Y	Y
HG02107	male	AFR	ACB	Y	Y
HG01247	male	AMR	PUR	Y	Y
HG02121	female	EAS	KHV	Y	Y
HG01254	female	AMR	CLM	Y	Y
HG01259	male	AMR	CLM	Y	Y
HG01348	female	AMR	CLM	Y	Y
HG01362	male	AMR	CLM	Y	Y
HG02020	male	EAS	KHV	Y	Y
HG02025	female	EAS	KHV	Y	Y
HG01177	female	AMR	PUR	Y	Y
HG02032	male	EAS	KHV	Y	Y
HG01280	male	AMR	CLM	Y	Y
HG01305	male	AMR	PUR	Y	Y
HG02070	male	EAS	KHV	Y	Y
HG01134	female	AMR	CLM	Y	Y
HG01139	male	AMR	CLM	Y	Y
HG01971	female	AMR	PEL	Y	Y
HG01976	female	AMR	PEL	Y	Y
HG01312	female	AMR	PUR	Y	Y
HG02087	female	EAS	KHV	Y	Y
HG01571	male	AMR	PEL	Y	Y
HG01583	male	SAS	PJL	Y	Y
HG01595	female	EAS	KHV	Y	Y
HG01494	male	AMR	CLM	Y	Y
HG02215	female	EUR	GBR	Y	Y
HG02253	male	AMR	PEL	Y	Y
HG02260	female	AMR	PEL	Y	Y
HG02265	male	AMR	PEL	Y	Y
HG02272	female	AMR	PEL	Y	Y
HG02277	male	AMR	PEL	Y	Y
HG01432	female	AMR	CLM	Y	Y
HG01437	male	AMR	CLM	Y	Y
HG01444	female	AMR	CLM	Y	Y
HG01456	female	AMR	CLM	Y	Y
HG02330	male	AFR	ACB	Y	Y
HG01468	female	AMR	CLM	Y	Y
HG02133	female	EAS	KHV	Y	Y
HG01608	male	EUR	IBS	Y	Y
HG02140	female	EAS	KHV	Y	Y
HG01398	male	AMR	PUR	Y	Y
HG02152	female	EAS	CDX	Y	Y
HG01413	male	AMR	PUR	Y	Y
HG02291	male	AMR	PEL	Y	Y
HG02304	male	AMR	PEL	Y	Y
HG02239	female	EUR	IBS	Y	Y
HG02164	female	EAS	CDX	Y	Y
HG01797	female	EAS	CDX	Y	Y
HG02513	female	EAS	KHV	Y	Y
HG01817	female	EAS	CDX	Y	Y
HG01848	female	EAS	KHV	Y	Y
HG01850	female	EAS	KHV	Y	Y
HG01766	female	EUR	IBS	Y	Y
HG01773	female	EUR	IBS	Y	Y
HG02568	female	AFR	GWD	Y	Y
HG02429	male	AFR	ACB	Y	Y
HG01761	male	EUR	IBS	Y	Y
HG01684	female	EUR	IBS	Y	Y
HG02455	male	AFR	ACB	Y	Y
HG01615	male	EUR	IBS	Y	Y
HG02373	male	EAS	CDX	Y	Y
HG01704	female	EUR	IBS	Y	Y
HG02380	male	EAS	CDX	Y	Y
HG02385	male	EAS	CDX	Y	Y
HG01672	male	EUR	IBS	Y	Y
HG02715	male	AFR	GWD	Y	Y
HG01886	female	AFR	ACB	Y	Y
HG01893	female	AMR	PEL	Y	Y
HG02570	male	AFR	GWD	Y	Y
HG01951	female	AMR	PEL	Y	Y
HG01918	female	AMR	PEL	Y	Y
HG01920	male	AMR	PEL	Y	Y
HG02594	male	AFR	GWD	Y	Y
HG01970	male	AMR	PEL	Y	Y
HG02676	female	AFR	GWD	Y	Y
HG01982	male	AMR	PEL	Y	Y
HG01956	female	AFR	ACB	Y	Y
HG02688	female	SAS	PJL	Y	Y
HG01968	female	AMR	PEL	Y	Y
HG01932	male	AMR	PEL	Y	Y
HG02657	male	SAS	PJL	Y	Y
HG01855	female	EAS	KHV	Y	Y
HG02614	female	AFR	GWD	Y	Y
HG01862	female	EAS	KHV	Y	Y
HG02621	female	AFR	GWD	Y	Y
HG02943	female	AFR	ESN	Y	Y
HG02050	male	EAS	KHV	Y	Y
HG03009	male	SAS	BEB	Y	Y
HG02029	male	EAS	KHV	Y	Y
HG02081	female	EAS	KHV	Y	Y
HG02086	female	EAS	KHV	Y	Y
HG02012	female	AFR	ACB	Y	Y
HG02017	male	EAS	KHV	Y	Y
HG02811	female	AFR	GWD	Y	Y
HG02816	male	AFR	GWD	Y	Y
HG02156	female	EAS	CDX	Y	Y
HG02784	female	SAS	PJL	Y	Y
HG02789	male	SAS	PJL	Y	Y
HG02067	male	EAS	KHV	Y	Y
HG02334	male	AFR	ACB	Y	Y
HG02339	female	AFR	ACB	Y	Y
HG03078	male	AFR	MSL	Y	Y
HG02219	male	EUR	IBS	Y	Y
HG02221	male	EUR	IBS	Y	Y
HG02271	male	AMR	PEL	Y	Y
HG03105	female	AFR	ESN	Y	Y
HG02360	male	EAS	CDX	Y	Y
HG03061	female	AFR	MSL	Y	Y
HG03117	female	AFR	ESN	Y	Y
HG02238	male	EUR	IBS	Y	Y
HG02384	male	EAS	CDX	Y	Y
HG02389	male	EAS	CDX	Y	Y
HG03054	male	AFR	MSL	Y	Y
HG02391	male	EAS	CDX	Y	Y
HG03225	male	AFR	MSL	Y	Y
HG02396	male	EAS	CDX	Y	Y
HG03237	male	SAS	PJL	Y	Y
HG03198	female	AFR	ESN	Y	Y
HG02322	female	AFR	ACB	Y	Y
HG02252	female	AMR	PEL	Y	Y
HG03136	male	AFR	ESN	Y	Y
HG03268	male	AFR	ESN	Y	Y
HG02485	female	AFR	ACB	Y	Y
HG02574	female	AFR	GWD	Y	Y
HG03376	male	AFR	MSL	Y	Y
HG02586	female	AFR	GWD	Y	Y
HG03388	male	AFR	MSL	Y	Y
HG02497	female	AFR	ACB	Y	Y
HG02512	male	EAS	KHV	Y	Y
HG02536	male	AFR	ACB	Y	Y
HG02442	male	AFR	ACB	Y	Y
HG03484	male	AFR	MSL	Y	Y
HG03294	female	AFR	ESN	Y	Y
HG02555	female	AFR	ACB	Y	Y
HG02562	female	AFR	GWD	Y	Y
HG02613	male	AFR	GWD	Y	Y
HG02620	male	AFR	GWD	Y	Y
HG03410	female	AFR	MSL	Y	Y
HG03352	male	AFR	ESN	Y	Y
HG02601	female	SAS	PJL	Y	Y
HG03369	female	AFR	ESN	Y	Y
HG02409	male	EAS	CDX	Y	Y
HG02783	male	SAS	PJL	Y	Y
HG03446	female	AFR	MSL	Y	Y
HG02687	male	SAS	PJL	Y	Y
HG03667	male	SAS	PJL	Y	Y
HG03679	male	SAS	STU	Y	Y
HG02699	male	SAS	PJL	Y	Y
HG02702	male	AFR	GWD	Y	Y
HG03686	male	SAS	STU	Y	Y
HG03491	female	SAS	PJL	Y	Y
HG02733	male	SAS	PJL	Y	Y
HG03636	male	SAS	PJL	Y	Y
HG03693	male	SAS	STU	Y	Y
HG02682	female	SAS	PJL	Y	Y
HG03698	female	SAS	STU	Y	Y
HG03559	male	AFR	MSL	Y	Y
HG02808	female	AFR	GWD	Y	Y
HG02810	male	AFR	GWD	Y	Y
HG02649	female	SAS	PJL	Y	Y
HG02651	male	SAS	PJL	Y	Y
HG03643	female	SAS	STU	Y	Y
HG03022	female	SAS	PJL	Y	Y
HG03027	male	AFR	GWD	Y	Y
HG03547	male	AFR	MSL	Y	Y
HG03833	male	SAS	BEB	Y	Y
HG02891	female	AFR	GWD	Y	Y
HG03718	male	SAS	ITU	Y	Y
HG03720	male	SAS	ITU	Y	Y
HG03072	male	AFR	MSL	Y	Y
HG03814	female	SAS	BEB	Y	Y
HG03015	male	SAS	PJL	Y	Y
HG03782	female	SAS	ITU	Y	Y
HG03787	female	SAS	ITU	Y	Y
HG03046	female	AFR	GWD	Y	Y
HG03802	female	SAS	BEB	Y	Y
HG03706	female	SAS	PJL	Y	Y
HG02973	male	AFR	ESN	Y	Y
HG03713	male	SAS	ITU	Y	Y
HG02923	male	AFR	ESN	Y	Y
HG03770	female	SAS	ITU	Y	Y
HG03756	female	SAS	STU	Y	Y
HG02860	male	AFR	GWD	Y	Y
HG03857	female	SAS	STU	Y	Y
HG02839	male	AFR	GWD	Y	Y
HG03864	male	SAS	ITU	Y	Y
HG03871	male	SAS	ITU	Y	Y
HG03212	female	AFR	MSL	Y	Y
HG03908	male	SAS	BEB	Y	Y
HG03910	female	SAS	BEB	Y	Y
HG03096	male	AFR	MSL	Y	Y
HG03941	male	SAS	BEB	Y	Y
HG03953	male	SAS	STU	Y	Y
HG04014	female	SAS	ITU	Y	Y
HG04019	male	SAS	ITU	Y	Y
HG03279	female	AFR	ESN	Y	Y
HG04033	male	SAS	STU	Y	Y
HG03298	male	AFR	ESN	Y	Y
HG03922	female	SAS	BEB	Y	Y
HG03301	male	AFR	ESN	Y	Y
HG03109	male	AFR	ESN	Y	Y
HG03960	male	SAS	ITU	Y	Y
HG03977	female	SAS	ITU	Y	Y
HG03989	female	SAS	STU	Y	Y
HG03130	male	AFR	ESN	Y	Y
HG04002	male	SAS	ITU	Y	Y
HG03159	female	AFR	ESN	Y	Y
HG03888	female	SAS	STU	Y	Y
HG03890	male	SAS	STU	Y	Y
HG03229	female	SAS	PJL	Y	Y
HG03895	female	SAS	STU	Y	Y
HG03166	male	AFR	ESN	Y	Y
NA06989	female	EUR	CEU	Y	Y
HG03490	male	SAS	PJL	Y	Y
HG03433	male	AFR	MSL	Y	Y
HG04235	male	SAS	ITU	Y	Y
HG03445	male	AFR	MSL	Y	Y
HG03452	female	AFR	MSL	Y	Y
HG04209	female	SAS	ITU	Y	Y
HG04158	male	SAS	BEB	Y	Y
HG03469	male	AFR	MSL	Y	Y
HG04177	female	SAS	BEB	Y	Y
HG04141	female	SAS	BEB	Y	Y
HG04146	male	SAS	BEB	Y	Y
HG03370	male	AFR	ESN	Y	Y
HG04189	female	SAS	BEB	Y	Y
HG03382	male	AFR	MSL	Y	Y
HG03464	female	AFR	MSL	Y	Y
HG03313	male	AFR	ESN	Y	Y
HG04090	female	SAS	ITU	Y	Y
HG03565	male	AFR	MSL	Y	Y
NA11995	female	EUR	CEU	Y	Y
NA12006	female	EUR	CEU	Y	Y
HG03577	male	AFR	MSL	Y	Y
HG03692	female	SAS	STU	Y	Y
HG03697	male	SAS	STU	Y	Y
HG03589	female	SAS	BEB	Y	Y
NA12873	female	EUR	CEU	Y	Y
HG03673	female	SAS	STU	Y	Y
NA12878	female	EUR	CEU	Y	Y
HG03680	male	SAS	STU	Y	Y
HG03685	male	SAS	STU	Y	Y
HG03604	female	SAS	BEB	Y	Y
HG03616	female	SAS	BEB	Y	Y
NA12828	female	EUR	CEU	Y	Y
HG03717	female	SAS	ITU	Y	Y
NA12830	female	EUR	CEU	Y	Y
HG03731	female	SAS	ITU	Y	Y
NA11832	female	EUR	CEU	Y	Y
NA11894	female	EUR	CEU	Y	Y
HG03882	female	SAS	ITU	Y	Y
HG03887	male	SAS	STU	Y	Y
NA12272	male	EUR	CEU	Y	Y
HG03894	female	SAS	STU	Y	Y
HG03899	male	SAS	STU	Y	Y
NA18504	male	AFR	YRI	Y	Y
HG03837	male	SAS	STU	Y	Y
HG03736	female	SAS	STU	Y	Y
NA18511	female	AFR	YRI	Y	Y
NA18516	male	AFR	YRI	Y	Y
HG03750	male	SAS	STU	Y	Y
NA18523	female	AFR	YRI	Y	Y
HG03755	male	SAS	STU	Y	Y
NA12400	female	EUR	CEU	Y	Y
HG03774	female	SAS	ITU	Y	Y
HG03786	male	SAS	ITU	Y	Y
HG03793	female	SAS	BEB	Y	Y
NA18535	female	EAS	CHB	Y	Y
NA18542	female	EAS	CHB	Y	Y
HG03849	female	SAS	STU	Y	Y
HG03851	male	SAS	STU	Y	Y
NA18915	male	AFR	YRI	Y	Y
HG03863	female	SAS	ITU	Y	Y
NA18939	female	EAS	JPT	Y	Y
HG03868	female	SAS	ITU	Y	Y
NA18941	female	EAS	JPT	Y	Y
HG03870	male	SAS	ITU	Y	Y
NA18946	female	EAS	JPT	Y	Y
HG03875	male	SAS	ITU	Y	Y
HG03762	female	SAS	PJL	Y	Y
NA18864	female	AFR	YRI	Y	Y
HG04063	female	SAS	ITU	Y	Y
HG04070	female	SAS	ITU	Y	Y
NA18559	male	EAS	CHB	Y	Y
HG04075	female	SAS	STU	Y	Y
HG04094	male	SAS	ITU	Y	Y
HG04099	female	SAS	STU	Y	Y
HG04107	male	SAS	STU	Y	Y
NA18597	female	EAS	CHB	Y	Y
NA18629	male	EAS	CHB	Y	Y
HG03990	male	SAS	STU	Y	Y
NA18631	female	EAS	CHB	Y	Y
HG03995	female	SAS	STU	Y	Y
NA18643	male	EAS	CHB	Y	Y
HG04006	male	SAS	STU	Y	Y
NA18876	female	AFR	YRI	Y	Y
HG04018	female	SAS	ITU	Y	Y
NA18908	male	AFR	YRI	Y	Y
HG04020	male	SAS	ITU	Y	Y
NA18910	male	AFR	YRI	Y	Y
HG04025	female	SAS	ITU	Y	Y
NA18612	male	EAS	CHB	Y	Y
NA18617	female	EAS	CHB	Y	Y
NA18624	male	EAS	CHB	Y	Y
HG03914	male	SAS	BEB	Y	Y
HG03940	female	SAS	BEB	Y	Y
HG03945	female	SAS	STU	Y	Y
NA18953	male	EAS	JPT	Y	Y
HG03926	male	SAS	BEB	Y	Y
HG03969	male	SAS	ITU	Y	Y
HG03971	male	SAS	ITU	Y	Y
HG03976	male	SAS	ITU	Y	Y
NA11829	male	EUR	CEU	Y	Y
NA11843	male	EUR	CEU	Y	Y
NA19108	female	AFR	YRI	Y	Y
NA11881	male	EUR	CEU	Y	Y
NA19007	male	EAS	JPT	Y	Y
NA11893	male	EUR	CEU	Y	Y
NA19026	male	AFR	LWK	Y	Y
NA07056	female	EUR	CEU	Y	Y
NA18977	male	EAS	JPT	Y	Y
NA07347	male	EUR	CEU	Y	Y
NA18989	male	EAS	JPT	Y	Y
NA19076	male	EAS	JPT	Y	Y
NA07037	female	EUR	CEU	Y	Y
NA19083	male	EAS	JPT	Y	Y
NA19088	male	EAS	JPT	Y	Y
NA19057	female	EAS	JPT	Y	Y
NA18972	female	EAS	JPT	Y	Y
HG04164	male	SAS	BEB	Y	Y
NA19002	female	EAS	JPT	Y	Y
HG04171	female	SAS	BEB	Y	Y
NA19038	female	AFR	LWK	Y	Y
HG04176	male	SAS	BEB	Y	Y
HG04239	male	SAS	ITU	Y	Y
HG04183	female	SAS	BEB	Y	Y
HG04188	male	SAS	BEB	Y	Y
HG04195	female	SAS	BEB	Y	Y
NA19153	male	AFR	YRI	Y	Y
HG04210	male	SAS	STU	Y	Y
HG04140	male	SAS	BEB	Y	Y
HG04152	male	SAS	BEB	Y	Y
NA19235	female	AFR	YRI	Y	Y
NA19247	female	AFR	YRI	Y	Y
NA12889	male	EUR	CEU	Y	Y
NA19312	male	AFR	LWK	Y	Y
NA18488	female	AFR	YRI	Y	Y
NA19379	female	AFR	LWK	Y	Y
NA11920	female	EUR	CEU	Y	Y
NA11994	male	EUR	CEU	Y	Y
NA19401	female	AFR	LWK	Y	Y
NA12043	male	EUR	CEU	Y	Y
NA12144	male	EUR	CEU	Y	Y
NA12156	female	EUR	CEU	Y	Y
NA19451	male	AFR	LWK	Y	Y
NA18534	male	EAS	CHB	Y	Y
NA19456	female	AFR	LWK	Y	Y
NA19463	female	AFR	LWK	Y	Y
NA19355	female	AFR	LWK	Y	Y
NA12815	female	EUR	CEU	Y	Y
NA12827	male	EUR	CEU	Y	Y
NA19317	male	AFR	LWK	Y	Y
NA18510	male	AFR	YRI	Y	Y
NA19761	female	AMR	MXL	Y	Y
NA18546	male	EAS	CHB	Y	Y
NA19773	female	AMR	MXL	Y	Y
NA18553	female	EAS	CHB	Y	Y
NA19780	male	AMR	MXL	Y	Y
NA19785	female	AMR	MXL	Y	Y
NA18565	female	EAS	CHB	Y	Y
NA19658	male	AMR	MXL	Y	Y
NA12283	female	EUR	CEU	Y	Y
NA18577	female	EAS	CHB	Y	Y
NA19735	male	AMR	MXL	Y	Y
NA18596	female	EAS	CHB	Y	Y
NA19747	male	AMR	MXL	Y	Y
NA19759	male	AMR	MXL	Y	Y
NA19716	female	AMR	MXL	Y	Y
NA19723	male	AMR	MXL	Y	Y
NA19728	female	AMR	MXL	Y	Y
NA18940	male	EAS	JPT	Y	Y
NA18945	male	EAS	JPT	Y	Y
NA19792	male	AMR	MXL	Y	Y
NA19901	female	AFR	ASW	Y	Y
NA18870	female	AFR	YRI	Y	Y
NA19913	female	AFR	ASW	Y	Y
NA18616	female	EAS	CHB	Y	Y
NA18623	male	EAS	CHB	Y	Y
NA19684	female	AMR	MXL	Y	Y
NA18628	female	EAS	CHB	Y	Y
NA19704	female	AFR	ASW	Y	Y
NA18630	female	EAS	CHB	Y	Y
NA19711	male	AFR	ASW	Y	Y
NA18907	female	AFR	YRI	Y	Y
NA18983	male	EAS	JPT	Y	Y
NA20287	female	AFR	ASW	Y	Y
NA18988	male	EAS	JPT	Y	Y
NA20504	female	EUR	TSI	Y	Y
NA20511	male	EUR	TSI	Y	Y
NA20516	male	EUR	TSI	Y	Y
NA18748	male	EAS	CHB	Y	Y
NA20775	female	EUR	TSI	Y	Y
NA20787	male	EUR	TSI	Y	Y
NA18957	female	EAS	JPT	Y	Y
NA20799	female	EUR	TSI	Y	Y
NA19114	female	AFR	YRI	Y	Y
NA20814	male	EUR	TSI	Y	Y
NA19138	male	AFR	YRI	Y	Y
NA20530	female	EUR	TSI	Y	Y
NA19099	female	AFR	YRI	Y	Y
NA19102	female	AFR	YRI	Y	Y
NA19107	male	AFR	YRI	Y	Y
NA19171	male	AFR	YRI	Y	Y
NA20821	female	EUR	TSI	Y	Y
NA19056	male	EAS	JPT	Y	Y
NA20756	female	EUR	TSI	Y	Y
NA19063	male	EAS	JPT	Y	Y
NA20768	female	EUR	TSI	Y	Y
NA20770	male	EUR	TSI	Y	Y
NA19006	male	EAS	JPT	Y	Y
NA20340	male	AFR	ASW	Y	Y
NA18990	male	EAS	JPT	Y	Y
NA20357	female	AFR	ASW	Y	Y
NA18995	male	EAS	JPT	Y	Y
NA20852	male	SAS	GIH	Y	Y
NA19001	female	EAS	JPT	Y	Y
NA20864	male	SAS	GIH	Y	Y
NA19075	male	EAS	JPT	Y	Y
NA20869	female	SAS	GIH	Y	Y
NA19082	male	EAS	JPT	Y	Y
NA19087	female	EAS	JPT	Y	Y
NA20888	female	SAS	GIH	Y	Y
NA19222	female	AFR	YRI	Y	Y
NA20895	male	SAS	GIH	Y	Y
NA20903	male	SAS	GIH	Y	Y
NA19657	female	AMR	MXL	Y	Y
NA20908	female	SAS	GIH	Y	Y
NA19664	male	AMR	MXL	Y	Y
NA20910	female	SAS	GIH	Y	Y
NA19669	female	AMR	MXL	Y	Y
NA19676	male	AMR	MXL	Y	Y
NA19431	female	AFR	LWK	Y	Y
NA21141	female	SAS	GIH	Y	Y
NA19380	male	AFR	LWK	Y	Y
NA19385	male	AFR	LWK	Y	Y
NA21103	female	SAS	GIH	Y	Y
NA21110	female	SAS	GIH	Y	Y
NA21122	female	SAS	GIH	Y	Y
NA19347	male	AFR	LWK	Y	Y
NA21127	male	SAS	GIH	Y	Y
NA19652	male	AMR	MXL	Y	Y
NA19448	male	AFR	LWK	Y	Y
NA19455	male	AFR	LWK	Y	Y
NA19323	female	AFR	LWK	Y	Y
NA19789	male	AMR	MXL	Y	Y
NA19835	female	AFR	ASW	Y	Y
NA19734	female	AMR	MXL	Y	Y
NA19741	male	AMR	MXL	Y	Y
NA19746	female	AMR	MXL	Y	Y
NA19758	female	AMR	MXL	Y	Y
NA20281	male	AFR	ASW	Y	Y
NA20318	male	AFR	ASW	Y	Y
NA20320	female	AFR	ASW	Y	Y
NA19777	male	AMR	MXL	Y	Y
NA19703	male	AFR	ASW	Y	Y
NA19722	female	AMR	MXL	Y	Y
NA20508	female	EUR	TSI	Y	Y
NA20510	male	EUR	TSI	Y	Y
NA20774	female	EUR	TSI	Y	Y
NA20786	female	EUR	TSI	Y	Y
NA20798	male	EUR	TSI	Y	Y
NA20806	male	EUR	TSI	Y	Y
NA20813	female	EUR	TSI	Y	Y
NA20522	female	EUR	TSI	Y	Y
NA20527	male	EUR	TSI	Y	Y
NA20539	male	EUR	TSI	Y	Y
NA20351	male	AFR	ASW	Y	Y
NA20868	female	SAS	GIH	Y	Y
NA20875	female	SAS	GIH	Y	Y
NA20882	female	SAS	GIH	Y	Y
NA20589	female	EUR	TSI	Y	Y
NA20762	male	EUR	TSI	Y	Y
NA20767	male	EUR	TSI	Y	Y
NA20832	female	EUR	TSI	Y	Y
NA20849	female	SAS	GIH	Y	Y
NA20856	female	SAS	GIH	Y	Y
NA20894	female	SAS	GIH	Y	Y
NA21133	male	SAS	GIH	Y	Y
NA21114	male	SAS	GIH	Y	Y
NA21119	male	SAS	GIH	Y	Y
NA20899	female	SAS	GIH	Y	Y
NA21087	male	SAS	GIH	Y	Y
NA21099	male	SAS	GIH	Y	Y
NA21102	female	SAS	GIH	Y	Y
NA21107	male	SAS	GIH	Y	Y
